패키지명,패키지 주소
"출발확정특가 선착순 단6명 [TW3박4일][신라모노그램 다낭][호텔 미니바+롯데유일 특식+신속항원 1회 지원] 다낭,호이안 다낭에서 가장 아름다운 논누억비치 숙박",https://pkgtour.naver.com/products/lottetour/B27A-0758675-31153-TW-20220818?adultCnt=1&childCnt=0&infantCnt=0
출발가능[얼리버드특가]<1일자유/노쇼핑>[월드체인호텔] 싱가포르 3박5일,https://pkgtour.naver.com/products/modetour/ASP501TWCL-20220820?adultCnt=1&childCnt=0&infantCnt=0
다낭/호이안/바나산 골든브릿지 4일 (스톤마사지/투본강투어),https://pkgtour.naver.com/products/onlinetour/OPAS19000405-LJ04-20220802?adultCnt=1&childCnt=0&infantCnt=0
보라카이 라까멜라 리조트 6일,https://pkgtour.naver.com/products/onlinetour/OPAS13001259-RS06-20220815?adultCnt=1&childCnt=0&infantCnt=0
[노쇼핑/노옵션/노팁] 푸켓 웨스틴 휴양 5일 ,https://pkgtour.naver.com/products/onlinetour/OPAS22000023-LJ05-20220813?adultCnt=1&childCnt=0&infantCnt=0
"[세부/3박5일/PR] 너랑, 나랑 솔레아리조트 풀패키지",https://pkgtour.naver.com/products/ybtour/APP4098PR00-20220731?adultCnt=1&childCnt=0&infantCnt=0
[특급] 세부 샹그릴라 리조트 디럭스룸(메인윙) 3박5일,https://pkgtour.naver.com/products/modetour/APP4027CX3-20220820?adultCnt=1&childCnt=0&infantCnt=0
세부 솔레아막탄리조트 5일,https://pkgtour.naver.com/products/onlinetour/OPAS19000121-LJ05-20220801?adultCnt=1&childCnt=0&infantCnt=0
푸켓 베스트웨스턴 3박 5일,https://pkgtour.naver.com/products/onlinetour/OPAS21000037-LJ05-20220802?adultCnt=1&childCnt=0&infantCnt=0
출발가능[얼리버드특가]<1일자유/노쇼핑>[월드체인호텔] 싱가포르 3박5일,https://pkgtour.naver.com/products/modetour/ASP501KECL-20220814?adultCnt=1&childCnt=0&infantCnt=0
"부산 출발확정[진에어][신라호텔 모노그램 다낭][오션뷰+바나힐+호이안야경] 다낭,호이안 5일",https://pkgtour.naver.com/products/lottetour/B27A-0758695-31193-LJ-20220817?adultCnt=1&childCnt=0&infantCnt=0
보라카이 라까멜라 리조트 5일,https://pkgtour.naver.com/products/onlinetour/OPAS13001259-RS05-20220805?adultCnt=1&childCnt=0&infantCnt=0
"[파타야3박] NO쇼핑,NO옵션 럭셔리요트+인기 관광지 5일",https://pkgtour.naver.com/products/ybtour/ATP1112OZ00-20220802?adultCnt=1&childCnt=0&infantCnt=0
[보홀]3박4일 팡라오 리젠트 호핑투어 or 마사지 + 힐링일정,https://pkgtour.naver.com/products/ybtour/APP60527C00-20220809?adultCnt=1&childCnt=0&infantCnt=0
 [오늘 1만원만 결제] 티웨이항공/시내 호텔 3박 + 1DAY 투어 싱가포르 세미패키지 5일,https://pkgtour.naver.com/products/verygoodtour/APP718|TW-20220802?adultCnt=1&childCnt=0&infantCnt=0
[게릴라특가] 다낭/호이안/후에 3박5일 [4성호텔],https://pkgtour.naver.com/products/modetour/AVP603VJA1-20220807?adultCnt=1&childCnt=0&infantCnt=0
다낭/호이안/바나산 골든브릿지 5일 (스톤마사지/투본강투어),https://pkgtour.naver.com/products/onlinetour/OPAS19000405-RS05-20220806?adultCnt=1&childCnt=0&infantCnt=0
[게릴라특가] 다낭/호이안/후에 3박5일 [4성호텔],https://pkgtour.naver.com/products/modetour/AVP603BXA1-20220812?adultCnt=1&childCnt=0&infantCnt=0
[싱가포르] NO쇼핑+ 전일관광+리버원더스+센토사섬+루지+랩쇼디쇼 야경 5일,https://pkgtour.naver.com/products/ybtour/ASP2006KE00-20220814?adultCnt=1&childCnt=0&infantCnt=0
[도전최저가] 세부 일급 리조트 3박5일,https://pkgtour.naver.com/products/modetour/APP4017CL3-20220804?adultCnt=1&childCnt=0&infantCnt=0
부산 출발확정[노쇼핑+전일관광or1일자유/싱가포르박] 싱가포르 5일 7C랩소디쇼/센토사섬,https://pkgtour.naver.com/products/lottetour/B05A-0753753-31049-7C-20220809?adultCnt=1&childCnt=0&infantCnt=0
[베스트특가] 다낭/호이안/후에 3박5일 [무엉탄럭셔리 or 래디슨],https://pkgtour.naver.com/products/modetour/AVE6037CDD-20220802?adultCnt=1&childCnt=0&infantCnt=0
코타키나발루 넥서스 리조트 반딧불이 투어 5일,https://pkgtour.naver.com/products/onlinetour/OPAS19000271-LJ05-20220828?adultCnt=1&childCnt=0&infantCnt=0
[위치최강/인기절정 헤난계열] 보라카이 / 헤난 리젠시 디럭스룸 3박5일,https://pkgtour.naver.com/products/modetour/APP320RSL3-20220811?adultCnt=1&childCnt=0&infantCnt=0
[모두좋아한다낭] 다낭/호이안/바나힐 3박5일 [4성호텔],https://pkgtour.naver.com/products/modetour/AVP6037CC3-20220815?adultCnt=1&childCnt=0&infantCnt=0
[슬림팩] 다낭/호이안 3박5일 [5성 포포인츠 쉐라톤],https://pkgtour.naver.com/products/modetour/AVE6137CCF-20220827?adultCnt=1&childCnt=0&infantCnt=0
[비치근접/동급최강] 보라카이 / 라까멜라 신관 프리미어 디럭스룸 3박5일,https://pkgtour.naver.com/products/modetour/APP310RSM3-20220818?adultCnt=1&childCnt=0&infantCnt=0
[진에어]방콕 자유여행 갤러리아12 호텔 4박6일(여행자보험+조식+룸업그레이드제공),https://pkgtour.naver.com/products/onlinetour/OFAS19000018-LJ06-20220827?adultCnt=1&childCnt=0&infantCnt=0
[코타키나발루/NO쇼핑] 초특급 샹그릴라 탄중아루 18시체크아웃+호핑+반딧불투어 5일,https://pkgtour.naver.com/products/ybtour/AMP3097LJ00-20220804?adultCnt=1&childCnt=0&infantCnt=0
출발가능[얼리버드특가]<1일자유/노쇼핑>[월드체인호텔] 싱가포르 3박5일,https://pkgtour.naver.com/products/modetour/ASP501OZBL-20220809?adultCnt=1&childCnt=0&infantCnt=0
[게릴라특가] 다낭/호이안/후에 3박5일 [4성호텔],https://pkgtour.naver.com/products/modetour/AVP6037CA1-20220802?adultCnt=1&childCnt=0&infantCnt=0
7C4박5일 [보홀]헤난알로나+호핑+데이투어 [관광+휴양],https://pkgtour.naver.com/products/ybtour/APP60447C00-20220819?adultCnt=1&childCnt=0&infantCnt=0
부산[LJ][파타야 5성 호텔UP][산호섬 자유일정+전신마사지+코끼리트레킹] 방콕+파타야 5일,https://pkgtour.naver.com/products/lottetour/B01A-0858598-30884-LJ-20220807?adultCnt=1&childCnt=0&infantCnt=0
[KE][싱가포르 ONLY 디자인하는 여행준특급호텔] 오키드호텔 싱가포르 자유여행 5일,https://pkgtour.naver.com/products/lottetour/B05A-0758253-29481-KE-20220814?adultCnt=1&childCnt=0&infantCnt=0
푸켓 노보텔빈티지파크 3박 5일,https://pkgtour.naver.com/products/onlinetour/OPAS21000033-LJ05-20220802?adultCnt=1&childCnt=0&infantCnt=0
 [오늘 1만원만 결제] 티웨이항공/특급 호텔 3박 - 1DAY 투어 싱가포르 세미패키지 5일,https://pkgtour.naver.com/products/verygoodtour/APP717|TW-20220802?adultCnt=1&childCnt=0&infantCnt=0
푸켓 다이아몬드클리프 3박 5일 (초특급),https://pkgtour.naver.com/products/onlinetour/OPAS21000031-LJ05-20220802?adultCnt=1&childCnt=0&infantCnt=0
[베스트특가] 다낭/호이안/후에 3박5일 [무엉탄럭셔리 or 래디슨],https://pkgtour.naver.com/products/modetour/AVE603VJDD-20220807?adultCnt=1&childCnt=0&infantCnt=0
나트랑 자유여행 3박5일 (버고 호텔),https://pkgtour.naver.com/products/onlinetour/OFAS22000003-VJ05-20220818?adultCnt=1&childCnt=0&infantCnt=0
푸켓 그랜드머큐어 3박5일(리조트),https://pkgtour.naver.com/products/onlinetour/OPAS21000036-LJ05-20220802?adultCnt=1&childCnt=0&infantCnt=0
"[방콕/파타야] NO쇼핑 가성비, 마사지1시간+아시아티크 5일",https://pkgtour.naver.com/products/ybtour/ATP1121OZ00-20220822?adultCnt=1&childCnt=0&infantCnt=0
코타키나발루 수트라하버 마젤란 반딧불투어 5일,https://pkgtour.naver.com/products/onlinetour/OPAS19000234-LJ05-20220828?adultCnt=1&childCnt=0&infantCnt=0
[세부 제이파크 아일랜드] 디럭스 가든뷰 3박5일,https://pkgtour.naver.com/products/modetour/APP4037CO3-20220824?adultCnt=1&childCnt=0&infantCnt=0
보라카이 카사필라 리조트 5일,https://pkgtour.naver.com/products/onlinetour/OPAS18000328-RS05-20220805?adultCnt=1&childCnt=0&infantCnt=0
[비치근접/인기절정 헤난계열] 보라카이 / 헤난 팜비치 디럭스룸 3박5일,https://pkgtour.naver.com/products/modetour/APP320RSR3-20220818?adultCnt=1&childCnt=0&infantCnt=0
<전일관광/노쇼핑>[월드체인호텔] 싱가포르 3박5일,https://pkgtour.naver.com/products/modetour/ASP505KECL-20220804?adultCnt=1&childCnt=0&infantCnt=0
나트랑 자유여행 3박5일 (빈펄 비치프론트 콘도텔),https://pkgtour.naver.com/products/onlinetour/OFAS22000002-VJ05-20220806?adultCnt=1&childCnt=0&infantCnt=0
[OZ][싱가포르 ONLY 디자인하는 여행준특급호텔] 오키드호텔 싱가포르 자유여행 5일,https://pkgtour.naver.com/products/lottetour/B05A-0758253-29509-OZ-20220814?adultCnt=1&childCnt=0&infantCnt=0
푸켓 나마카(5성)리조트 5일(전객실씨뷰+마사지2회),https://pkgtour.naver.com/products/onlinetour/OPAS22000046-LJ05-20220802?adultCnt=1&childCnt=0&infantCnt=0
[NEW휴양형/노옵션] 다낭/호이안 3박5일 [미케비치 4성],https://pkgtour.naver.com/products/modetour/AVP603RSF4-20220808?adultCnt=1&childCnt=0&infantCnt=0
나트랑 자유여행 3박5일 (빈펄 나트랑베이 리조트/빈 원더스),https://pkgtour.naver.com/products/onlinetour/OFAS22000004-VJ05-20220806?adultCnt=1&childCnt=0&infantCnt=0
[왕복픽업] 보라카이 에어텔 / 카사필라 디럭스룸 4박6일,https://pkgtour.naver.com/products/modetour/APA310RSW4-20220814?adultCnt=1&childCnt=0&infantCnt=0
[도전최저가] 세부 솔레아 리조트 프리미어씨티뷰룸 3박5일,https://pkgtour.naver.com/products/modetour/APP401KEA3-20220825?adultCnt=1&childCnt=0&infantCnt=0
[특급] 세부 플랜테이션베이 리조트 풀사이드룸 3박5일,https://pkgtour.naver.com/products/modetour/APP4027CP3-20220820?adultCnt=1&childCnt=0&infantCnt=0
[모두좋아한다낭] 다낭/호이안/바나힐 3박5일 [5성호텔],https://pkgtour.naver.com/products/modetour/AVP6137CS1-20220821?adultCnt=1&childCnt=0&infantCnt=0
[보홀]3박4일 솔레아 리조트+데이투어+전신마사지,https://pkgtour.naver.com/products/ybtour/APP60517C00-20220809?adultCnt=1&childCnt=0&infantCnt=0
부산출발확정[노쇼핑+전일관광or1일자유/싱가포르박] 싱가포르 6일 7C랩소디쇼/센토사섬,https://pkgtour.naver.com/products/lottetour/B05A-0753753-31052-7C-20220819?adultCnt=1&childCnt=0&infantCnt=0
[비치근접/인기절정 헤난계열] 보라카이 / 헤난 크리스탈샌즈 디럭스룸 3박5일,https://pkgtour.naver.com/products/modetour/APP320RST3-20220811?adultCnt=1&childCnt=0&infantCnt=0
나트랑 자유여행 3박5일 (아미아나 리조트),https://pkgtour.naver.com/products/onlinetour/OFAS22000005-VJ05-20220806?adultCnt=1&childCnt=0&infantCnt=0
[왕복픽업] 보라카이 에어텔 / 라까멜라 신관 프리미어 디럭스룸 4박6일,https://pkgtour.naver.com/products/modetour/APA310RSM4-20220814?adultCnt=1&childCnt=0&infantCnt=0
푸켓 포포인츠 바이 쉐라톤 5일(진에어),https://pkgtour.naver.com/products/onlinetour/OPAS22000009-LJ05-20220805?adultCnt=1&childCnt=0&infantCnt=0
"부산 출발확정[진에어 바나힐테마파크 호이안야경투어 전신마사지] 다낭, 호이안 5일",https://pkgtour.naver.com/products/lottetour/B27A-0858586-30783-LJ-20220804?adultCnt=1&childCnt=0&infantCnt=0
푸켓 안다만엠브레이스 3박5일(파통위치+신관숙박),https://pkgtour.naver.com/products/onlinetour/OPAS21000028-LJ05-20220802?adultCnt=1&childCnt=0&infantCnt=0
7C4박5일 [보홀]헤난알로나노쇼핑&노팁&노옵션 으로 즐기는 보홀여행,https://pkgtour.naver.com/products/ybtour/APP60477C00-20220819?adultCnt=1&childCnt=0&infantCnt=0
"[방콕/파타야] NO쇼핑 가성비, 마사지1시간+아시아티크 5일",https://pkgtour.naver.com/products/ybtour/ATP1121LJ00-20220827?adultCnt=1&childCnt=0&infantCnt=0
보라카이 카사필라 리조트 6일,https://pkgtour.naver.com/products/onlinetour/OPAS18000328-RS06-20220815?adultCnt=1&childCnt=0&infantCnt=0
"부산 출발확정[에어부산][신라호텔 모노그램 다낭][오션뷰+바나힐+호이안야경] 다낭,호이안 5일",https://pkgtour.naver.com/products/lottetour/B27A-0758695-31193-BX-20220817?adultCnt=1&childCnt=0&infantCnt=0
[비치근접/인기절정 헤난계열] 보라카이 / 헤난 팜비치 디럭스룸 4박6일,https://pkgtour.naver.com/products/modetour/APP320RSR4-20220814?adultCnt=1&childCnt=0&infantCnt=0
[보홀] 3박4일 헤난 알로나 리조트+호핑+데이투어,https://pkgtour.naver.com/products/ybtour/APP60447C01-20220816?adultCnt=1&childCnt=0&infantCnt=0
[제주항공 전세기] 나트랑 빈펄리조트 3박+테마파크+올인클루시브+편도픽업 5일,https://pkgtour.naver.com/products/ybtour/AVP70187C00-20220817?adultCnt=1&childCnt=0&infantCnt=0
"출발확정[VJ][오전출발][CHOICE 하노이][롯데관광유일특식+$250상당 특전포함] 하노이,하롱베이,옌뜨 5일",https://pkgtour.naver.com/products/lottetour/B18A-0856789-31291-VJ-20220823?adultCnt=1&childCnt=0&infantCnt=0
[V호텔라벤더 2박 + 마리나베이샌즈 1박] 싱가포르 자유여행 5일 여행자보험 포함,https://pkgtour.naver.com/products/verygoodtour/APF323|OZ-20220814?adultCnt=1&childCnt=0&infantCnt=0
코타키나발루 밍가든호텔 호핑투어 5일,https://pkgtour.naver.com/products/onlinetour/OPAS18000296-LJ05-20220828?adultCnt=1&childCnt=0&infantCnt=0
[방콕/파타야 5일] 가족+효도+친구+아동동반 만족도 1위진에어,https://pkgtour.naver.com/products/interpark/A1025633-LJ001-20220803?adultCnt=1&childCnt=0&infantCnt=0
[위치최강/인기절정 헤난계열] 보라카이 / 헤난 가든 프리미어룸 4박5일,https://pkgtour.naver.com/products/modetour/APP320BXG4-20220806?adultCnt=1&childCnt=0&infantCnt=0
"부산 출발확정[진에어][신라호텔 모노그램 다낭][오션뷰+바나힐+호이안야경] 다낭,호이안 6일",https://pkgtour.naver.com/products/lottetour/B27A-0758695-31194-LJ-20220827?adultCnt=1&childCnt=0&infantCnt=0
[비치근접/동급최강] 보라카이 / 라까멜라 신관 프리미어 디럭스룸 4박5일,https://pkgtour.naver.com/products/modetour/APP310BXM4-20220806?adultCnt=1&childCnt=0&infantCnt=0
[방콕/자유] 가성비 만족도 최고 초특급 아바니스쿰빗 5일,https://pkgtour.naver.com/products/ybtour/ATP1126TW00-20220729?adultCnt=1&childCnt=0&infantCnt=0
"[정통][신라모노그램 다낭][호텔 미니바+유명 맛집 특식+신속항원 1회 지원] 다낭,호이안 다낭에서 가장 아름다운 논누억비치 숙박",https://pkgtour.naver.com/products/lottetour/B27A-0758693-31185-TW-20220820?adultCnt=1&childCnt=0&infantCnt=0
[아동반값][세부 제이파크 아일랜드] 막탄스윗가든뷰+하프보드(리조트중석식)+호핑투어 3박5일,https://pkgtour.naver.com/products/modetour/APP403KEH3-20220825?adultCnt=1&childCnt=0&infantCnt=0
[호핑+가이드기사경비 포함] 보라카이 / 헤난 팜비치 디럭스룸 4박5일,https://pkgtour.naver.com/products/modetour/APP330BXR4-20220820?adultCnt=1&childCnt=0&infantCnt=0
부산출발확정선착순10명초특가[빈원더스+빈펄 나트랑베이+풀보드or하프보드] 나트랑 6일,https://pkgtour.naver.com/products/lottetour/B30A-0858759-31424-BX-20220807?adultCnt=1&childCnt=0&infantCnt=0
선착순4명특가[LJ][가족단위BEST][수트라하버리조트][퍼시픽VS마젤란][반딧불이+호핑투어][$180상당특전포함] 코타키나발루 5일,https://pkgtour.naver.com/products/lottetour/B07A-0752012-30775-LJ-20220806?adultCnt=1&childCnt=0&infantCnt=0
"출발확정특가 선착순 단6명 [TW3박5일][신라모노그램 다낭][호텔 미니바+롯데유일 특식+신속항원 1회 지원] 다낭,호이안 다낭에서 가장 아름다운 논누억비치 숙박",https://pkgtour.naver.com/products/lottetour/B27A-0758675-31673-TW-20220823?adultCnt=1&childCnt=0&infantCnt=0
[BX][취항특가][초특급][샹그릴라 라사리아씨뷰룸UP][호텔디너+$240상당 꽉찬특전포함] 코타키나발루 5일,https://pkgtour.naver.com/products/lottetour/B07A-0756322-31033-BX-20220802?adultCnt=1&childCnt=0&infantCnt=0
[BX][취항특가][가족단위BEST][수트라하버리조트][퍼시픽VS마젤란][반딧불이+호핑투어][$160상당특전포함] 코타키나발루 6일,https://pkgtour.naver.com/products/lottetour/B07A-0752012-31023-BX-20220812?adultCnt=1&childCnt=0&infantCnt=0
[노쇼핑/5성 호텔] 싱가포르 5일 미슐랭특식 1일자유,https://pkgtour.naver.com/products/verygoodtour/APP1141|OZ4-20220816?adultCnt=1&childCnt=0&infantCnt=0
"[홈쇼핑히트] 당신을 위한 힐링여행, 푸켓 노보텔빈티지파크 5일",https://pkgtour.naver.com/products/ybtour/ATP6120LJ00-20220815?adultCnt=1&childCnt=0&infantCnt=0
[보홀직항 아모리따 디럭스룸] 어드벤처투어+노쇼핑 4박5일,https://pkgtour.naver.com/products/modetour/APP6037CA4-20220814?adultCnt=1&childCnt=0&infantCnt=0
"[다시, 함께 싱가포르] 마리나베이샌즈 2박 1일 자유5일",https://pkgtour.naver.com/products/verygoodtour/APP3300|KE-20220803?adultCnt=1&childCnt=0&infantCnt=0
[두방한정특가] 세부 두짓타니 리조트 디럭스가든뷰룸 3박5일,https://pkgtour.naver.com/products/modetour/APP402LJD3-20220801?adultCnt=1&childCnt=0&infantCnt=0
[모두좋아한다낭] 다낭/호이안/바나힐 3박5일 [5성호텔],https://pkgtour.naver.com/products/modetour/AVP613OZC3-20220818?adultCnt=1&childCnt=0&infantCnt=0
[부산]출발임박 [가격인하][롯데관광유일특식+$250상당 특전포함] 하노이+하롱베이+옌뜨 5일,https://pkgtour.naver.com/products/lottetour/B18A-0855295-31456-VJ-20220816?adultCnt=1&childCnt=0&infantCnt=0
[위치최강/인기절정 헤난계열] 보라카이 / 헤난 가든 프리미어룸 4박6일,https://pkgtour.naver.com/products/modetour/APP320RSG4-20220814?adultCnt=1&childCnt=0&infantCnt=0
"[다시,함께 방콕] 아티타야 C.C무제한 골프 5일",https://pkgtour.naver.com/products/verygoodtour/APG0729|TW-20220813?adultCnt=1&childCnt=0&infantCnt=0
부산[진에어][7월선발권특가][사보이호텔][호핑포함+자유일정보장+아동할인] 세부 4박6일,https://pkgtour.naver.com/products/lottetour/B02A-0758645-31304-LJ-20220819?adultCnt=1&childCnt=0&infantCnt=0
[이제껏 없던 푸켓]다이아몬드 클리프가이드 있는 자유여행3박5일,https://pkgtour.naver.com/products/interpark/A1033464-LJ015-20220801?adultCnt=1&childCnt=0&infantCnt=0
"오전출발 [방콕/파타야] 쇼핑2회 제한, 핵심일정에 여유를 곁들인 특급 5일 ",https://pkgtour.naver.com/products/ybtour/ATP1130KE01-20220807?adultCnt=1&childCnt=0&infantCnt=0
[아동반값][세부 제이파크 아일랜드] 막탄스윗가든뷰+하프보드(리조트중석식)+호핑투어 3박5일,https://pkgtour.naver.com/products/modetour/APP403LJH3-20220814?adultCnt=1&childCnt=0&infantCnt=0
확정임박[TW][반나절 호텔자유VS산호섬휴양][파타야의 가장 HOT한 파타야비치 특급호텔숙박][4특전] 방콕/파타야 5일,https://pkgtour.naver.com/products/lottetour/B01A-0758570-30801-TW-20220813?adultCnt=1&childCnt=0&infantCnt=0
[호핑+가이드기사경비 포함] 보라카이 / 헤난 라군 프리미어룸 4박5일,https://pkgtour.naver.com/products/modetour/APP330BXN4-20220806?adultCnt=1&childCnt=0&infantCnt=0
[비치근접/가성비갑] 보라카이 / 카사필라 디럭스룸 4박5일,https://pkgtour.naver.com/products/modetour/APP310BXW4-20220806?adultCnt=1&childCnt=0&infantCnt=0
부산선착순10명초특가[에어텔][빈원더스+빈펄 비치프론트 호텔] 나트랑 6일,https://pkgtour.naver.com/products/lottetour/B30A-0858758-31421-BX-20220807?adultCnt=1&childCnt=0&infantCnt=0
[모두좋아한다낭] 다낭/호이안/바나힐 3박5일 [4성호텔],https://pkgtour.naver.com/products/modetour/AVP603BXC3-20220804?adultCnt=1&childCnt=0&infantCnt=0
[방콕/파타야 5일] 가족+효도+친구+아동동반 만족도 1위티웨이항공,https://pkgtour.naver.com/products/interpark/A1025633-TW101-20220803?adultCnt=1&childCnt=0&infantCnt=0
[도전최저가] 세부 사보이 리조트 슈페리어룸 3박5일,https://pkgtour.naver.com/products/modetour/APP401LJS3-20220814?adultCnt=1&childCnt=0&infantCnt=0
부산선착순10명초특가[빈원더스+빈펄 나트랑베이+풀보드or하프보드] 나트랑 5일,https://pkgtour.naver.com/products/lottetour/B30A-0858759-31422-BX-20220825?adultCnt=1&childCnt=0&infantCnt=0
[BX][취항특가][시내접근BEST][그란디스호텔][반딧불이+호핑투어+치맥세트제공] 코타키나발루 6일,https://pkgtour.naver.com/products/lottetour/B07A-0758550-31021-BX-20220819?adultCnt=1&childCnt=0&infantCnt=0
[특급] 세부 두짓타니 리조트 디럭스가든뷰룸 3박5일,https://pkgtour.naver.com/products/modetour/APP402KED3-20220825?adultCnt=1&childCnt=0&infantCnt=0
"[KE][자유여행 NO.1][FIT여행객을 위한 접근성, 가성비] 하얏트 플레이스 방콕 수쿰윗 방콕 5일",https://pkgtour.naver.com/products/lottetour/B01A-0758414-30090-KE-20220814?adultCnt=1&childCnt=0&infantCnt=0
대구 [세미팩][솔레아리조트][씨뷰룸UP+스톤마사지+시내관광] 세부 4일,https://pkgtour.naver.com/products/lottetour/B02A-0754624-31711-TW-20220802?adultCnt=1&childCnt=0&infantCnt=0
부산출발확정선착순특가 599→499[머드온천+랑비엥 짚차+크레이지 하우스] 나트랑+달랏 6일,https://pkgtour.naver.com/products/lottetour/B30A-0858760-31431-BX-20220807?adultCnt=1&childCnt=0&infantCnt=0
[코타키나발루/NO쇼핑] 초특급 넥서스호텔 반딧불투어+호핑투어 5일,https://pkgtour.naver.com/products/ybtour/AMP3069LJ00-20220807?adultCnt=1&childCnt=0&infantCnt=0
[NEW휴양형/노옵션] 다낭/호이안 3박5일 [미케비치 4성],https://pkgtour.naver.com/products/modetour/AVP603VJF4-20220814?adultCnt=1&childCnt=0&infantCnt=0
[세부 제이파크 아일랜드] 디럭스 가든뷰 3박5일,https://pkgtour.naver.com/products/modetour/APP403LJO3-20220814?adultCnt=1&childCnt=0&infantCnt=0
선착순4명특가[LJ][화이트비치보유][넥서스리조트][반딧불이+호핑투어][$160상당특전포함] 코타키나발루 5일,https://pkgtour.naver.com/products/lottetour/B07A-0752014-30778-LJ-20220806?adultCnt=1&childCnt=0&infantCnt=0
[비치근접/인기절정 헤난계열] 보라카이 / 헤난 팜비치 디럭스룸 4박5일,https://pkgtour.naver.com/products/modetour/APP320BXR4-20220806?adultCnt=1&childCnt=0&infantCnt=0
부산[7월선발권특가][진에어][솔레아리조트][풀패키지+스톤마사지+아동할인] 세부 3박5일,https://pkgtour.naver.com/products/lottetour/B02A-0758624-31305-LJ-20220809?adultCnt=1&childCnt=0&infantCnt=0
[인천][코타키나발루/홈쇼핑HIT]초특급 샹그릴라 탄중아루vs라사리아 호핑투어팩 5일,https://pkgtour.naver.com/products/ybtour/AMP3107LJ00-20220805?adultCnt=1&childCnt=0&infantCnt=0
출발확정[OZ][가이드경비포함][초특급 풀만 파타야 호텔 2박][왕궁+농눅빌리지+아시아티크 등 $210상당 특전] 방콕/파타야 5일,https://pkgtour.naver.com/products/lottetour/B01A-0752358-21707-OZ-20220829?adultCnt=1&childCnt=0&infantCnt=0
부산[7월선발권특가][에어부산][솔레아리조트][풀패키지+스톤마사지+아동할인] 세부 3박4일,https://pkgtour.naver.com/products/lottetour/B02A-0758624-31002-BX-20220805?adultCnt=1&childCnt=0&infantCnt=0
"부산 [진에어]출발확정[노쇼핑 특급호텔 최다특전] 다낭,호이안 5일",https://pkgtour.naver.com/products/lottetour/B27A-0758580-30764-LJ-20220803?adultCnt=1&childCnt=0&infantCnt=0
[호핑+가이드기사경비 포함] 보라카이 / 헤난 프라임 디럭스룸 4박5일,https://pkgtour.naver.com/products/modetour/APP330BXY4-20220820?adultCnt=1&childCnt=0&infantCnt=0
"[다시,함께 방콕] 아티타야 C.C무제한 골프 5일",https://pkgtour.naver.com/products/verygoodtour/APG0729|KE35-20220814?adultCnt=1&childCnt=0&infantCnt=0
[코타키나발루/초특급] 수트라하버마젤란 호핑투어+자유일정 5일,https://pkgtour.naver.com/products/ybtour/AMP3061LJ00-20220804?adultCnt=1&childCnt=0&infantCnt=0
[VJ3박4일][100% 자유일정][신라모노그램 다낭][픽업1회][조식포함] 다낭 자유여행,https://pkgtour.naver.com/products/lottetour/B27A-0758785-31537-VJ-20220816?adultCnt=1&childCnt=0&infantCnt=0
[푸켓][2인출발확정] 요트크루즈+1DAY자유특급 포포인츠 바이 쉐라톤 5일,https://pkgtour.naver.com/products/ybtour/ATP6113LJ00-20220805?adultCnt=1&childCnt=0&infantCnt=0
[반짝특가(선착순10명)/도전최저가] 세부 솔레아 리조트 프리미어씨티뷰룸 3박5일,https://pkgtour.naver.com/products/modetour/APP4017CA3-20220804?adultCnt=1&childCnt=0&infantCnt=0
[푸켓/NO쇼핑/2인출발] 파통나이트투어+초특급 피셔맨하버 5일,https://pkgtour.naver.com/products/ybtour/ATP6078LJ00-20220810?adultCnt=1&childCnt=0&infantCnt=0
"[OZ][자유여행 NO.1][FIT여행객을 위한 접근성, 가성비] 하얏트 플레이스 방콕 수쿰윗 방콕 5일",https://pkgtour.naver.com/products/lottetour/B01A-0758414-30476-OZ-20220814?adultCnt=1&childCnt=0&infantCnt=0
[인기절정 헤난계열] 보라카이 / 헤난 라군 프리미어룸 3박4일,https://pkgtour.naver.com/products/modetour/APP320BXN3-20220803?adultCnt=1&childCnt=0&infantCnt=0
[하노이/하롱베이 5일]5성UP+롯데전망대+옌뜨비엣젯항공,https://pkgtour.naver.com/products/interpark/A1033538-VJ961-20220829?adultCnt=1&childCnt=0&infantCnt=0
[이제껏 없던 푸켓]노보텔빈티지파크가이드 있는 자유여행3박5일,https://pkgtour.naver.com/products/interpark/A1033463-LJ015-20220801?adultCnt=1&childCnt=0&infantCnt=0
"[오전출발][방콕/파타야] NO쇼핑 가성비, 마사지1시간+아시아티크 5일",https://pkgtour.naver.com/products/ybtour/ATP1121TG00-20220731?adultCnt=1&childCnt=0&infantCnt=0
[왕복픽업] 보라카이 에어텔 / 라까멜라 신관 프리미어 디럭스룸 3박5일,https://pkgtour.naver.com/products/modetour/APA310RSM3-20220811?adultCnt=1&childCnt=0&infantCnt=0
[하노이/하롱베이 오후5일]옌뜨+안마1시간 아시아나항공,https://pkgtour.naver.com/products/interpark/A1033521-OZ733-20220823?adultCnt=1&childCnt=0&infantCnt=0
[얼리버드][방콕/파타야] $150상당옵션 몽땅포함 패키지 5일,https://pkgtour.naver.com/products/ybtour/ATP1132TW00-20220822?adultCnt=1&childCnt=0&infantCnt=0
부산[7월선발권특가][에어부산][사보이호텔][호핑포함+자유일정보장+시내관광] 세부 3박4일,https://pkgtour.naver.com/products/lottetour/B02A-0758645-31070-BX-20220819?adultCnt=1&childCnt=0&infantCnt=0
[도전최저가] 세부 사보이 리조트 슈페리어룸 3박5일,https://pkgtour.naver.com/products/modetour/APP4017CS3-20220820?adultCnt=1&childCnt=0&infantCnt=0
[VJ3박5일][100% 자유일정][신라모노그램 다낭][픽업1회][조식포함] 다낭 자유여행,https://pkgtour.naver.com/products/lottetour/B27A-0758785-31556-VJ-20220821?adultCnt=1&childCnt=0&infantCnt=0
"선착순 6석 긴급모객[다시,함께 다낭] 5성급 포포인츠쉐라톤바나힐 골든브릿지 오전자유 5일 ",https://pkgtour.naver.com/products/verygoodtour/APP9932|LJ-20220803?adultCnt=1&childCnt=0&infantCnt=0
[비치근접/동급최강] 보라카이 / 라까멜라 신관 프리미어 디럭스룸 4박6일,https://pkgtour.naver.com/products/modetour/APP310RSM4-20220814?adultCnt=1&childCnt=0&infantCnt=0
[호핑+가이드기사경비 포함] 보라카이 / 헤난 크리스탈샌즈 디럭스룸 4박5일,https://pkgtour.naver.com/products/modetour/APP330BXT4-20220820?adultCnt=1&childCnt=0&infantCnt=0
"[다시,함께 방콕] 소 방콕 구석구석 자유여행 6일",https://pkgtour.naver.com/products/verygoodtour/APF550|TW6D-20220821?adultCnt=1&childCnt=0&infantCnt=0
[BX][취항특가][가족단위BEST][수트라하버리조트][퍼시픽VS마젤란][반딧불이+호핑투어][$160상당특전포함] 코타키나발루 5일,https://pkgtour.naver.com/products/lottetour/B07A-0752012-31022-BX-20220802?adultCnt=1&childCnt=0&infantCnt=0
[위치최강/인기절정 헤난계열] 보라카이 / 헤난 가든 프리미어룸 3박4일,https://pkgtour.naver.com/products/modetour/APP320BXG3-20220803?adultCnt=1&childCnt=0&infantCnt=0
[특급] 세부 플랜테이션베이 리조트 풀사이드룸 3박5일,https://pkgtour.naver.com/products/modetour/APP402KEP3-20220825?adultCnt=1&childCnt=0&infantCnt=0
[코타키나발루/치맥SET]준특급 그란디스 호핑투어+자유일정+호텔뷔페1회 5일,https://pkgtour.naver.com/products/ybtour/AMP1072LJ00-20220804?adultCnt=1&childCnt=0&infantCnt=0
출발확정대구 [알뜰][특급호텔+오전자유시간포함][바나힐+마사지1시간+카페스카이라운지] 다낭+호이안 5일,https://pkgtour.naver.com/products/lottetour/B27A-0858593-30835-TW-20220801?adultCnt=1&childCnt=0&infantCnt=0
[호핑+가이드기사경비 포함] 보라카이 / 헤난 리젠시 디럭스룸 4박5일,https://pkgtour.naver.com/products/modetour/APP330BXL4-20220820?adultCnt=1&childCnt=0&infantCnt=0
[V호텔라벤더 2박 + 마리나베이샌즈 1박] 싱가포르 자유여행 5일 여행자보험 포함,https://pkgtour.naver.com/products/verygoodtour/APF323|KE-20220814?adultCnt=1&childCnt=0&infantCnt=0
[인기절정 헤난계열] 보라카이 / 헤난 라군 프리미어룸 4박5일,https://pkgtour.naver.com/products/modetour/APP320BXN4-20220820?adultCnt=1&childCnt=0&infantCnt=0
[솔레아 막탄 or 팜] 세부 6일 노쇼핑/호핑투어/스톤마사지,https://pkgtour.naver.com/products/verygoodtour/APP3522|KE2-20220821?adultCnt=1&childCnt=0&infantCnt=0
[BX][취항특가][초특급][샹그릴라 라사리아씨뷰룸UP][호텔디너+$240상당 꽉찬특전포함] 코타키나발루 6일,https://pkgtour.naver.com/products/lottetour/B07A-0756322-31034-BX-20220812?adultCnt=1&childCnt=0&infantCnt=0
"[다시,함께 방콕] 소/방콕 구석구석 자유여행 5일",https://pkgtour.naver.com/products/verygoodtour/APF550|TW-20220818?adultCnt=1&childCnt=0&infantCnt=0
특가 선착순 단6명 [TW3박4일][100% 자유일정][신라모노그램 다낭][픽업1회][조식포함] 다낭 자유여행,https://pkgtour.naver.com/products/lottetour/B27A-0758785-31533-TW-20220815?adultCnt=1&childCnt=0&infantCnt=0
세부 솔레아막탄리조트 5일,https://pkgtour.naver.com/products/onlinetour/OPAS19000121-5J05-20220807?adultCnt=1&childCnt=0&infantCnt=0
[하노이/하롱베이 5일]롯데전망대+옌뜨+하롱베이비엣젯항공,https://pkgtour.naver.com/products/interpark/A1033526-VJ961-20220823?adultCnt=1&childCnt=0&infantCnt=0
[홈쇼핑HIT][오전출발] 지금이 오히려 좋아 방콕&파타야 특급호텔 5일,https://pkgtour.naver.com/products/ybtour/ATP1105KE01-20220821?adultCnt=1&childCnt=0&infantCnt=0
[하노이/하롱베이 5일] 옌뜨+하롱베이+안마1시간비엣젯항공,https://pkgtour.naver.com/products/interpark/A1033502-VJ961-20220809?adultCnt=1&childCnt=0&infantCnt=0
"[다시, 함께 싱가포르] 마리나베이샌즈 2박 1일 자유5일",https://pkgtour.naver.com/products/verygoodtour/APP3300|OZ-20220803?adultCnt=1&childCnt=0&infantCnt=0
[모두좋아한다낭] 다낭/호이안/바나힐 3박4일 [4성호텔],https://pkgtour.naver.com/products/modetour/AVP603LJ43-20220803?adultCnt=1&childCnt=0&infantCnt=0
[모두좋아한다낭] 다낭/호이안/바나힐 3박5일 [4성호텔],https://pkgtour.naver.com/products/modetour/AVP603OZC3-20220818?adultCnt=1&childCnt=0&infantCnt=0
"[KE][자유여행 NO.1][취향저격, 트랜디한 초특급 호텔] 아바니 수쿰윗 방콕 호텔 방콕 5일",https://pkgtour.naver.com/products/lottetour/B01A-0758423-30472-KE-20220814?adultCnt=1&childCnt=0&infantCnt=0
"출발확정[RS3박5일][신라모노그램 다낭][호텔 미니바+롯데유일 특식+신속항원 1회 지원] 다낭,호이안 다낭에서 가장 아름다운 논누억비치 숙박",https://pkgtour.naver.com/products/lottetour/B27A-0758675-31152-RS-20220825?adultCnt=1&childCnt=0&infantCnt=0
[왕복픽업] 보라카이 에어텔 / 헤난 가든 프리미어룸 3박4일,https://pkgtour.naver.com/products/modetour/APA330BXG3-20220803?adultCnt=1&childCnt=0&infantCnt=0
부산선착순특가[머드온천+랑비엥 짚차+크레이지 하우스] 나트랑+달랏 5일,https://pkgtour.naver.com/products/lottetour/B30A-0858760-31427-BX-20220818?adultCnt=1&childCnt=0&infantCnt=0
[왕복픽업] 보라카이 에어텔 / 라까멜라 신관 프리미어 디럭스룸 4박5일,https://pkgtour.naver.com/products/modetour/APA310BXM4-20220806?adultCnt=1&childCnt=0&infantCnt=0
[도전최저가] 세부 비(BE) 리조트 쿨룸 3박5일,https://pkgtour.naver.com/products/modetour/APP4017CB3-20220820?adultCnt=1&childCnt=0&infantCnt=0
[모두좋아한다낭] 다낭/호이안/바나힐 3박4일 [5성호텔],https://pkgtour.naver.com/products/modetour/AVP613LJ43-20220803?adultCnt=1&childCnt=0&infantCnt=0
"[다시,함께 방콕/파타야] 요트투어 씨뷰룸 객실UP 5일",https://pkgtour.naver.com/products/verygoodtour/APP5144|7C-20220824?adultCnt=1&childCnt=0&infantCnt=0
[왕복픽업] 보라카이 에어텔 / 카사필라 디럭스룸 4박5일,https://pkgtour.naver.com/products/modetour/APA310BXW4-20220806?adultCnt=1&childCnt=0&infantCnt=0
출발확정[LJ][시내위치][선셋BEST][샹그릴라탄중아루리조트][반딧불이+호핑투어][$180상당특전포함] 코타키나발루 5일,https://pkgtour.naver.com/products/lottetour/B07A-0752015-30780-LJ-20220822?adultCnt=1&childCnt=0&infantCnt=0
"[다시,함께 방콕] 모벤픽 호텔 수쿰빗 15방콕 도심에서의 자유여행 5일",https://pkgtour.naver.com/products/verygoodtour/APF500|TW5D-20220818?adultCnt=1&childCnt=0&infantCnt=0
나트랑 자유여행 3박5일 (인터컨티넨탈 호텔/오션뷰),https://pkgtour.naver.com/products/onlinetour/OFAS22000007-VJ05-20220806?adultCnt=1&childCnt=0&infantCnt=0
[특급] 세부 플랜테이션베이 리조트 풀사이드룸 3박5일,https://pkgtour.naver.com/products/modetour/APP402LJP3-20220814?adultCnt=1&childCnt=0&infantCnt=0
[푸켓] 산호섬+파통번화가위치 초특급 그랜드 머큐어 5일,https://pkgtour.naver.com/products/ybtour/ATP6103LJ01-20220811?adultCnt=1&childCnt=0&infantCnt=0
대구 [알뜰][산호섬자유일정+전신마사지+코끼리트레킹+플로팅마켓] 방콕+파타야 5일,https://pkgtour.naver.com/products/lottetour/B01A-0858720-31487-TW-20220809?adultCnt=1&childCnt=0&infantCnt=0
출발확정[KE][가이드경비포함][초특급 풀만 파타야 호텔 2박][왕궁+농눅빌리지+아시아티크 등 $210상당 특전] 방콕/파타야 5일,https://pkgtour.naver.com/products/lottetour/B01A-0752358-21911-KE-20220829?adultCnt=1&childCnt=0&infantCnt=0
"[다시,함께 방콕] 소 방콕 구석구석 자유여행 5일",https://pkgtour.naver.com/products/verygoodtour/APF550|KE-20220814?adultCnt=1&childCnt=0&infantCnt=0
[홈쇼핑HIT] 지금이 오히려 좋아 방콕&파타야 특급호텔 5일,https://pkgtour.naver.com/products/ybtour/ATP1105KE00-20220803?adultCnt=1&childCnt=0&infantCnt=0
[인기절정 헤난계열] 보라카이 / 헤난 라군 프리미어룸 3박5일,https://pkgtour.naver.com/products/modetour/APP320RSN3-20220818?adultCnt=1&childCnt=0&infantCnt=0
부산확정임박/성수기특가[BX][쇼핑3회][전 일정 월드체인 숙박+파타야5성급UP][반나절 호텔 자유VS산호섬 휴양][레전드시암 테마파크 등 6특전] 방콕/파타야 5일,https://pkgtour.naver.com/products/lottetour/B01A-0658843-31809-BX-20220731?adultCnt=1&childCnt=0&infantCnt=0
부산[7월선발권특가][진에어][솔레아리조트][풀패키지+스톤마사지+아동할인] 세부 4박6일,https://pkgtour.naver.com/products/lottetour/B02A-0758624-31306-LJ-20220805?adultCnt=1&childCnt=0&infantCnt=0
"출발확정 무안 [정통][5 특식+신라모노그램 다낭][전 객실 오션뷰+호텔 미니바+롯데유일 특식+PCR 1회 지원] 다낭,호이안 5일 다낭에서 가장 아름다운 논누억비치 3박",https://pkgtour.naver.com/products/lottetour/B27A-0758816-31681-VJ-20220813?adultCnt=1&childCnt=0&infantCnt=0
[진에어]방콕 자유여행 갤러리아12 호텔 3박5일(여행자보험+조식+룸업그레이드제공),https://pkgtour.naver.com/products/onlinetour/OFAS19000018-LJ05-20220817?adultCnt=1&childCnt=0&infantCnt=0
코타키나발루 넥서스 리조트 석식1회 5일,https://pkgtour.naver.com/products/onlinetour/OPAS07000430-LJ05-20220828?adultCnt=1&childCnt=0&infantCnt=0
[얼리버드][방콕/파타야] $150상당옵션 몽땅포함 패키지 5일,https://pkgtour.naver.com/products/ybtour/ATP11327C00-20220822?adultCnt=1&childCnt=0&infantCnt=0
[치앙마이/자유여행] 르메르디앙 호캉스 6일 ,https://pkgtour.naver.com/products/ybtour/ATP50357C00-20220730?adultCnt=1&childCnt=0&infantCnt=0
부산[진에어][7월선발권특가][사보이호텔][호핑포함+자유일정보장] 세부 3박5일,https://pkgtour.naver.com/products/lottetour/B02A-0758645-31299-LJ-20220816?adultCnt=1&childCnt=0&infantCnt=0
부산선착순10명초특가[에어텔][빈원더스+비치프론트 호텔] 나트랑 5일,https://pkgtour.naver.com/products/lottetour/B30A-0858758-31420-BX-20220818?adultCnt=1&childCnt=0&infantCnt=0
"[다시,함께 방콕] 모벤픽 호텔 수쿰빗 15방콕 방콕 도심에서의 자유여행",https://pkgtour.naver.com/products/verygoodtour/APF500|KE5D-20220814?adultCnt=1&childCnt=0&infantCnt=0
오전출발[얼리버드][방콕/파타야] $150상당옵션 몽땅포함 패키지 5일,https://pkgtour.naver.com/products/ybtour/ATP1132KE01-20220821?adultCnt=1&childCnt=0&infantCnt=0
"[다시,함께 방콕] 소 방콕 구석구석 자유여행 5일",https://pkgtour.naver.com/products/verygoodtour/APF550|OZ-20220814?adultCnt=1&childCnt=0&infantCnt=0
[비치근접/가성비갑] 보라카이 / 카사필라 디럭스룸 3박4일,https://pkgtour.naver.com/products/modetour/APP310BXW3-20220803?adultCnt=1&childCnt=0&infantCnt=0
"[파타야3박] NO쇼핑,NO옵션 럭셔리요트+인기 관광지 5일",https://pkgtour.naver.com/products/ybtour/ATP1112LJ00-20220731?adultCnt=1&childCnt=0&infantCnt=0
세부 솔레아막탄리조트 6일,https://pkgtour.naver.com/products/onlinetour/OPAS19000121-LJ06-20220827?adultCnt=1&childCnt=0&infantCnt=0
"[다시,함께 방콕] 소 방콕 구석구석 자유여행 5일",https://pkgtour.naver.com/products/verygoodtour/APF550|LJ-20220813?adultCnt=1&childCnt=0&infantCnt=0
대구 [알뜰][럭셔리요트투어(스노쿨링+바다낚시)+전신마사지+플로팅마켓] 방콕+파타야 5일,https://pkgtour.naver.com/products/lottetour/B01A-0858719-31343-TW-20220809?adultCnt=1&childCnt=0&infantCnt=0
[위치최강/인기절정 헤난계열] 보라카이 / 헤난 리젠시 디럭스룸 4박6일,https://pkgtour.naver.com/products/modetour/APP320RSL4-20220814?adultCnt=1&childCnt=0&infantCnt=0
[도전최저가] 세부 솔레아 리조트 프리미어씨티뷰룸 3박5일,https://pkgtour.naver.com/products/modetour/APP401LJA3-20220816?adultCnt=1&childCnt=0&infantCnt=0
[도전최저가] 세부 비(BE) 리조트 쿨룸 3박5일,https://pkgtour.naver.com/products/modetour/APP401LJB3-20220814?adultCnt=1&childCnt=0&infantCnt=0
[이제껏 없던 푸켓]그랜드머큐어가이드 있는 자유여행3박5일,https://pkgtour.naver.com/products/interpark/A1033462-LJ015-20220801?adultCnt=1&childCnt=0&infantCnt=0
[특급] 세부 샹그릴라 리조트 디럭스룸(메인윙) 3박5일,https://pkgtour.naver.com/products/modetour/APP402LJX3-20220814?adultCnt=1&childCnt=0&infantCnt=0
[프리모두]코타키나발루 수트라하버 마젤란(초특급/씨뷰) 6일,https://pkgtour.naver.com/products/modetour/AMA7027CM2-20220820?adultCnt=1&childCnt=0&infantCnt=0
[특급] 세부 두짓타니 리조트 디럭스가든뷰룸 3박5일,https://pkgtour.naver.com/products/modetour/APP4027CD3-20220820?adultCnt=1&childCnt=0&infantCnt=0
[비치근접/가성비갑] 보라카이 / 카사필라 디럭스룸 4박6일,https://pkgtour.naver.com/products/modetour/APP310RSW4-20220814?adultCnt=1&childCnt=0&infantCnt=0
[위치최강/인기절정 헤난계열] 보라카이 / 헤난 가든 프리미어룸 3박5일,https://pkgtour.naver.com/products/modetour/APP320RSG3-20220811?adultCnt=1&childCnt=0&infantCnt=0
[도전최저가] 세부 비(BE) 리조트 쿨룸 3박5일,https://pkgtour.naver.com/products/modetour/APP401KEB3-20220825?adultCnt=1&childCnt=0&infantCnt=0
[모두채움]코타키나발루 시내특급 하얏트 리젠시(18시레이트체크아웃/반딧불/호핑/나이트) 6일,https://pkgtour.naver.com/products/modetour/AMP7027CH6-20220813?adultCnt=1&childCnt=0&infantCnt=0
[모두좋아한다낭] 다낭/호이안/바나힐 3박5일 [5성호텔],https://pkgtour.naver.com/products/modetour/AVP613VJC3-20220820?adultCnt=1&childCnt=0&infantCnt=0
[BX][취항특가][시내접근BEST][그란디스호텔][반딧불이+호핑투어+치맥세트제공] 코타키나발루 5일,https://pkgtour.naver.com/products/lottetour/B07A-0758550-31020-BX-20220823?adultCnt=1&childCnt=0&infantCnt=0
[도전최저가] 세부 사보이 리조트 슈페리어룸 3박5일,https://pkgtour.naver.com/products/modetour/APP401KES3-20220825?adultCnt=1&childCnt=0&infantCnt=0
[세부 제이파크 아일랜드] 막탄스윗가든뷰+하프보드(리조트중석식) 3박5일,https://pkgtour.naver.com/products/modetour/APP4037CM3-20220820?adultCnt=1&childCnt=0&infantCnt=0
출발확정특가 선착순 단6명 [TW3박5일][100% 자유일정][신라 모노그램 다낭][픽업1회][조식포함] 다낭 자유여행,https://pkgtour.naver.com/products/lottetour/B27A-0758785-31579-TW-20220814?adultCnt=1&childCnt=0&infantCnt=0
"부산 [노쇼핑 특급호텔 최다특전] 다낭,호이안 6일",https://pkgtour.naver.com/products/lottetour/B27A-0758580-30765-LJ-20220731?adultCnt=1&childCnt=0&infantCnt=0
[홈쇼핑HIT] 지금이 오히려 좋아 방콕&파타야 특급호텔 5일,https://pkgtour.naver.com/products/ybtour/ATP1105OZ00-20220805?adultCnt=1&childCnt=0&infantCnt=0
코타키나발루 샹그릴라 탄중아루 리조트[200링깃 크레딧포함]5일,https://pkgtour.naver.com/products/onlinetour/OPAS11000970-LJ05-20220828?adultCnt=1&childCnt=0&infantCnt=0
[방콕/파타야 5일] 가족+효도+친구+아동동반 만족도 1위제주항공,https://pkgtour.naver.com/products/interpark/A1025633-7C2205-20220803?adultCnt=1&childCnt=0&infantCnt=0
<노쇼핑/노옵션/노팁> 다낭/호이안/바나힐 3박5일 [5성 그랜드머큐어],https://pkgtour.naver.com/products/modetour/AVN613VJFA-20220810?adultCnt=1&childCnt=0&infantCnt=0
"부산 선착순20명 496→396[진에어 바나힐테마파크 호이안야경투어 전신마사지] 다낭,호이안 6일",https://pkgtour.naver.com/products/lottetour/B27A-0858586-30784-LJ-20220806?adultCnt=1&childCnt=0&infantCnt=0
"[다시,함께 방콕] 모벤픽 호텔 수쿰빗 15방콕 도심에서의 자유여행 + 여행자보험 포함",https://pkgtour.naver.com/products/verygoodtour/APF923|7C-20220818?adultCnt=1&childCnt=0&infantCnt=0
대구 [반자유팩][솔레아리조트][노쇼핑+아일랜드호핑투어+자유일정] 세부 4일,https://pkgtour.naver.com/products/lottetour/B02A-0758770-31710-TW-20220731?adultCnt=1&childCnt=0&infantCnt=0
[인기절정 헤난계열] 보라카이 / 헤난 프라임 디럭스룸 3박5일,https://pkgtour.naver.com/products/modetour/APP320RSY3-20220811?adultCnt=1&childCnt=0&infantCnt=0
[호핑+가이드기사경비 포함] 보라카이 / 헤난 가든 프리미어룸 4박5일,https://pkgtour.naver.com/products/modetour/APP330BXG4-20220806?adultCnt=1&childCnt=0&infantCnt=0
[푸켓/자유] 왕복픽업+맛사지포함 노보텔빈티지파크 & 다이아몬드클리프 5일,https://pkgtour.naver.com/products/ybtour/ATP6109LJ00-20220801?adultCnt=1&childCnt=0&infantCnt=0
코타키나발루 수트라하버 마젤란 리조트 5일,https://pkgtour.naver.com/products/onlinetour/OPAS08000595-LJ05-20220828?adultCnt=1&childCnt=0&infantCnt=0
[얼리버드][방콕/파타야] $150상당옵션 몽땅포함 패키지 5일,https://pkgtour.naver.com/products/ybtour/ATP1132LJ00-20220820?adultCnt=1&childCnt=0&infantCnt=0
[방콕/파타야 5일] 가족+효도+친구+아동동반 만족도 1위아시아나항공,https://pkgtour.naver.com/products/interpark/A1025633-OZ741-20220730?adultCnt=1&childCnt=0&infantCnt=0
부산[LJ][럭셔리 요트투어(스노쿨링+바다낚시)+전신마사지] 방콕+파타야 5일,https://pkgtour.naver.com/products/lottetour/B01A-0858787-31530-LJ-20220815?adultCnt=1&childCnt=0&infantCnt=0
[비치근접/동급최강] 보라카이 / 라까멜라 신관 프리미어 디럭스룸 3박4일,https://pkgtour.naver.com/products/modetour/APP310BXM3-20220810?adultCnt=1&childCnt=0&infantCnt=0
출발확정[LJ][초특급][샹그릴라 라사리아씨뷰룸UP][호텔디너+$240상당 꽉찬특전포함] 코타키나발루 5일,https://pkgtour.naver.com/products/lottetour/B07A-0756322-30779-LJ-20220805?adultCnt=1&childCnt=0&infantCnt=0
[위치최강]코타키나발루 머큐어(준특급)(제설턴포인트위치) 6일,https://pkgtour.naver.com/products/modetour/AME7007CC2-20220813?adultCnt=1&childCnt=0&infantCnt=0
[이제껏 없던 푸켓안다만엠브레이스]가이드 있는 자유여행5일,https://pkgtour.naver.com/products/interpark/A1033461-LJ015-20220801?adultCnt=1&childCnt=0&infantCnt=0
[대구출발/방콕&파타야] $150상당옵션 몽땅포함 패키지 5일 ,https://pkgtour.naver.com/products/ybtour/ATP1044TW00-20220804?adultCnt=1&childCnt=0&infantCnt=0
[나트랑/제주항공] 신규오픈 알마리조트 + 오션뷰 + 18시레이트체크아웃 5일,https://pkgtour.naver.com/products/ybtour/AVP70227C00-20220824?adultCnt=1&childCnt=0&infantCnt=0
[노쇼핑/5성 호텔] 싱가포르 5일 미슐랭특식 1일자유,https://pkgtour.naver.com/products/verygoodtour/APP1141|KE2-20220802?adultCnt=1&childCnt=0&infantCnt=0
"[방콕/파타야] 쇼핑2회 제한, 핵심일정에 여유를 곁들인 특급 5일 ",https://pkgtour.naver.com/products/ybtour/ATP1130LJ00-20220807?adultCnt=1&childCnt=0&infantCnt=0
[도전최저가] 세부 일급 리조트 3박5일,https://pkgtour.naver.com/products/modetour/APP401KEL3-20220817?adultCnt=1&childCnt=0&infantCnt=0
[왕복픽업] 보라카이 에어텔 / 라까멜라 신관 프리미어 디럭스룸 3박4일,https://pkgtour.naver.com/products/modetour/APA310BXM3-20220803?adultCnt=1&childCnt=0&infantCnt=0
대구 [반자유팩][제이파크아일랜드-자녀동반할인][워터파크+노쇼핑+아일랜드호핑투어+자유일정] 세부 4일,https://pkgtour.naver.com/products/lottetour/B02A-0258772-31483-TW-20220802?adultCnt=1&childCnt=0&infantCnt=0
코타키나발루 하얏트리젠시 호텔 5일,https://pkgtour.naver.com/products/onlinetour/OPAS08000597-LJ05-20220828?adultCnt=1&childCnt=0&infantCnt=0
부산[7월선발권특가][에어부산][솔레아리조트][풀패키지+스톤마사지+아동할인] 세부 4박5일,https://pkgtour.naver.com/products/lottetour/B02A-0758624-31003-BX-20220822?adultCnt=1&childCnt=0&infantCnt=0
"[다시,함께 방콕] 모벤픽 호텔 수쿰빗 15방콕 방콕 도심에서의 자유여행 5일",https://pkgtour.naver.com/products/verygoodtour/APF500|OZ5D-20220814?adultCnt=1&childCnt=0&infantCnt=0
[세부 제이파크 아일랜드] 막탄스윗가든뷰+하프보드(리조트중석식) 3박5일,https://pkgtour.naver.com/products/modetour/APP403KEM3-20220825?adultCnt=1&childCnt=0&infantCnt=0
"[OZ][자유여행 NO.1][취향저격, 트랜디한 초특급 호텔] 아바니 수쿰윗 방콕 호텔 방콕 5일",https://pkgtour.naver.com/products/lottetour/B01A-0758423-30479-OZ-20220814?adultCnt=1&childCnt=0&infantCnt=0
[아동반값][세부 제이파크 아일랜드] 막탄스윗가든뷰+하프보드(리조트중석식)+호핑투어 3박5일,https://pkgtour.naver.com/products/modetour/APP4037CH3-20220820?adultCnt=1&childCnt=0&infantCnt=0
"부산단 회 초특가[오전출발][영원한 봄의 도시, 감성여행지 달랏] 나트랑+달랏 5일",https://pkgtour.naver.com/products/lottetour/B30A-0858829-31736-VJ-20220806?adultCnt=1&childCnt=0&infantCnt=0
"[다시, 함께 싱가포르/4인 출발 확정] 전일관광, 노쇼핑+노옵션 특급호텔 5일",https://pkgtour.naver.com/products/verygoodtour/APP7143|OZ-20220816?adultCnt=1&childCnt=0&infantCnt=0
[비치근접/가성비갑] 보라카이 / 카사필라 디럭스룸 3박5일,https://pkgtour.naver.com/products/modetour/APP310RSW3-20220811?adultCnt=1&childCnt=0&infantCnt=0
[왕복픽업] 보라카이 에어텔 / 카사필라 디럭스룸 3박4일,https://pkgtour.naver.com/products/modetour/APA310BXW3-20220803?adultCnt=1&childCnt=0&infantCnt=0
[모두좋아한다낭] 다낭/호이안/바나힐 3박4일 [4성호텔],https://pkgtour.naver.com/products/modetour/AVP603TW43-20220828?adultCnt=1&childCnt=0&infantCnt=0
[세부 제이파크 아일랜드] 막탄스윗가든뷰+하프보드(리조트중석식) 3박5일,https://pkgtour.naver.com/products/modetour/APP403LJM3-20220814?adultCnt=1&childCnt=0&infantCnt=0
"[다시, 함께 싱가포르/4인 출발 확정] 전일관광, 노쇼핑+노옵션 특급호텔 5일",https://pkgtour.naver.com/products/verygoodtour/APP7143|KE-20220811?adultCnt=1&childCnt=0&infantCnt=0
[프리한패키지][호핑+마사지] 보라카이 / 라까멜라 신관 프리미어 디럭스룸 4박6일,https://pkgtour.naver.com/products/modetour/APP300RSM4-20220814?adultCnt=1&childCnt=0&infantCnt=0
<노쇼핑/노옵션/노팁> 다낭/호이안/바나힐 3박5일 [5성 그랜드머큐어],https://pkgtour.naver.com/products/modetour/AVN6137CFA-20220810?adultCnt=1&childCnt=0&infantCnt=0
[코타키나발루/준특급] 호핑투어+시내관광 밍가든호텔 5일,https://pkgtour.naver.com/products/ybtour/AMP1041LJ00-20220804?adultCnt=1&childCnt=0&infantCnt=0
부산[LJ][쇼핑3회][전 일정 월드체인 숙박+파타야5성급UP][반나절 호텔 자유VS산호섬 휴양][레전드시암 테마파크 등 6특전] 방콕/파타야 5일,https://pkgtour.naver.com/products/lottetour/B01A-0658843-31833-LJ-20220807?adultCnt=1&childCnt=0&infantCnt=0
[BX][취항특가][시내접근BEST][밍가든호텔][반딧불이+호핑투어][$160상당특전포함] 코타키나발루 5일,https://pkgtour.naver.com/products/lottetour/B07A-0752011-31050-BX-20220816?adultCnt=1&childCnt=0&infantCnt=0
[노랑풍선 단독] 싱가포르 프리미엄 특급호텔 전일관광 5일 (NO팁/NO옵션/NO쇼핑),https://pkgtour.naver.com/products/ybtour/ASP1072KE00-20220821?adultCnt=1&childCnt=0&infantCnt=0
[모두좋아한다낭] 다낭/호이안/바나힐 3박5일 [4성호텔],https://pkgtour.naver.com/products/modetour/AVP603VJC3-20220818?adultCnt=1&childCnt=0&infantCnt=0
[세부 제이파크 아일랜드] 디럭스 가든뷰 3박5일,https://pkgtour.naver.com/products/modetour/APP403KEO3-20220825?adultCnt=1&childCnt=0&infantCnt=0
[얼리버드][방콕/파타야] $150상당옵션 몽땅포함 패키지 5일,https://pkgtour.naver.com/products/ybtour/ATP1132OZ00-20220822?adultCnt=1&childCnt=0&infantCnt=0
[비치근접/인기절정 헤난계열] 보라카이 / 헤난 팜비치 디럭스룸 3박4일,https://pkgtour.naver.com/products/modetour/APP320BXR3-20220803?adultCnt=1&childCnt=0&infantCnt=0
코타키나발루 수트라하버 마젤란 리조트 6일,https://pkgtour.naver.com/products/onlinetour/OPAS08000595-LJ06-20220828?adultCnt=1&childCnt=0&infantCnt=0
[프리모두]코타 키나발루 샹그릴라 탄중아루(초특급/키나윙 씨뷰) 6일,https://pkgtour.naver.com/products/modetour/AMA7047CT2-20220813?adultCnt=1&childCnt=0&infantCnt=0
[보홀직항 아모리따 디럭스룸] 어드벤처투어+노쇼핑 3박4일,https://pkgtour.naver.com/products/modetour/APP6037CA3-20220816?adultCnt=1&childCnt=0&infantCnt=0
"[다시,함께 방콕] 모벤픽 호텔 수쿰빗 15방콕 도심에서의 자유여행",https://pkgtour.naver.com/products/verygoodtour/APF923-20220827?adultCnt=1&childCnt=0&infantCnt=0
부산[7월선발권특가][에어부산][사보이호텔][호핑포함+자유일정보장+시내관광] 세부 4박5일,https://pkgtour.naver.com/products/lottetour/B02A-0758645-31072-BX-20220815?adultCnt=1&childCnt=0&infantCnt=0
